country,product_url,images
Österreich,https://www.forklift-international.com/de/e/Gabelstapler-gebraucht-Linde-H-30-D-03-mit-FREIHUB-Mast-3408838s?b=1,
Österreich,https://www.forklift-international.com/de/e/Gabelstapler-gebraucht-Linde-H30D-3431765s?b=1,
Österreich,https://www.forklift-international.com/de/e/Gabelstapler-gebraucht-Linde-H30D-01-3459522s?b=1,
Österreich,https://www.forklift-international.com/de/e/Gabelstapler-gebraucht-Linde-H30D-03-3237968s?b=1,
Österreich,https://www.forklift-international.com/de/e/Gabelstapler-gebraucht-Linde-H30D-03-3244214s?b=1,
Belgien,https://www.forklift-international.com/de/e/Gabelstapler-gebraucht-Linde-H30D-01-3413919s?b=1,
Belgien,https://www.forklift-international.com/de/e/Gabelstapler-gebraucht-Linde-H30D-01-3435058s?b=1,
Belgien,https://www.forklift-international.com/de/e/Gabelstapler-gebraucht-Linde-H30D-01-3290564s?b=1,
Belgien,https://www.forklift-international.com/de/e/Gabelstapler-gebraucht-Linde-H30D-01-3431461s?b=1,
Belgien,https://www.forklift-international.com/de/e/Gabelstapler-gebraucht-Linde-H30D-01-3457660s?b=1,
Belgien,https://www.forklift-international.com/de/e/Gabelstapler-gebraucht-Linde-H30D-02-3405067s?b=1,
Belgien,https://www.forklift-international.com/de/e/Gabelstapler-gebraucht-Linde-H30D-02-3402057s?b=1,
Belgien,https://www.forklift-international.com/de/e/Gabelstapler-gebraucht-Linde-H30D-02-3151741s?b=1,
Belgien,https://www.forklift-international.com/de/e/Gabelstapler-gebraucht-Linde-H30D-02-3452437s?b=1,
Belgien,https://www.forklift-international.com/de/e/Gabelstapler-gebraucht-Linde-H30D-02-3452436s?b=1,
Belgien,https://www.forklift-international.com/de/e/Gabelstapler-gebraucht-Linde-H30D-02-3398521s?b=1,
Belgien,https://www.forklift-international.com/de/e/Gabelstapler-gebraucht-Linde-H30D-02-3277892s?b=1,
Dänemark,https://www.forklift-international.com/de/e/Gabelstapler-gebraucht-Linde-H30D-393-3110990s?b=1,
Deutschland,https://www.forklift-international.com/de/e/Gabelstapler-gebraucht-Linde--3432412s?b=1,
Deutschland,https://www.forklift-international.com/de/e/Gabelstapler-gebraucht-Linde-H30D-X393-TRIPLEXMAST-SEITENSCHIEBER-3458813s?b=1,
Deutschland,https://www.forklift-international.com/de/e/Gabelstapler-gebraucht-Linde-393-02-3087462s?b=1,
Deutschland,https://www.forklift-international.com/de/e/Gabelstapler-gebraucht-Linde-H-30-D--3005213s?b=1,
Deutschland,https://www.forklift-international.com/de/e/Gabelstapler-gebraucht-Linde-H-30-D-3117210s?b=1,
Deutschland,https://www.forklift-international.com/de/e/Gabelstapler-gebraucht-Linde-H-30-D-3298772s?b=1,
Deutschland,https://www.forklift-international.com/de/e/Gabelstapler-gebraucht-Linde-H-30-D-3400130s?b=1,
Deutschland,https://www.forklift-international.com/de/e/Gabelstapler-gebraucht-Linde-H-30-D-3406467s?b=1,
Deutschland,https://www.forklift-international.com/de/e/Gabelstapler-gebraucht-Linde-H-30-D--3409108s?b=1,
Deutschland,https://www.forklift-international.com/de/e/Gabelstapler-gebraucht-Linde-H-30-D--3414008s?b=1,
Deutschland,https://www.forklift-international.com/de/e/Gabelstapler-gebraucht-Linde-H-30-D-3434426s?b=1,
Deutschland,https://www.forklift-international.com/de/e/Gabelstapler-gebraucht-Linde-H-30-D--3457109s?b=1,
Deutschland,https://www.forklift-international.com/de/e/Gabelstapler-gebraucht-Linde-H-30-D-393-3410045s?b=1,
Deutschland,https://www.forklift-international.com/de/e/Gabelstapler-gebraucht-Linde-H-30-D-393-3443557s?b=1,
Deutschland,https://www.forklift-international.com/de/e/Gabelstapler-gebraucht-Linde-H-30-D-393-3449463s?b=1,
Deutschland,https://www.forklift-international.com/de/e/Gabelstapler-gebraucht-Linde-H-30-D-02-393-EVO-3391021s?b=1,
Deutschland,https://www.forklift-international.com/de/e/Gabelstapler-gebraucht-Linde-H-30-D-393-3265786s?b=1,
Deutschland,https://www.forklift-international.com/de/e/Gabelstapler-gebraucht-Linde-H-30-D-393-3428484s?b=1,
Deutschland,https://www.forklift-international.com/de/e/Gabelstapler-gebraucht-Linde-H-30-D-393-3428486s?b=1,
Deutschland,https://www.forklift-international.com/de/e/Gabelstapler-gebraucht-Linde-H-30-D-393-EVO--3153014s?b=1,
Deutschland,https://www.forklift-international.com/de/e/Gabelstapler-gebraucht-Linde-H-30-D-3A-393-02-3456258s?b=1,
Estland,https://www.forklift-international.com/de/e/Gabelstapler-gebraucht-Linde-H30D-351-3226309s?b=1,
Estland,https://www.forklift-international.com/de/e/Gabelstapler-gebraucht-Linde-H30D-393-3404883s?b=1,
Estland,https://www.forklift-international.com/de/e/Gabelstapler-gebraucht-Linde-H30D-393-3226343s?b=1,
Großbritannien,https://www.forklift-international.com/de/e/Gabelstapler-gebraucht-Linde-H30D-3385903s?b=1,
Großbritannien,https://www.forklift-international.com/de/e/Gabelstapler-gebraucht-Linde-H30D-3424819s?b=1,
Großbritannien,https://www.forklift-international.com/de/e/Gabelstapler-gebraucht-Linde-H30D-3432245s?b=1,
Großbritannien,https://www.forklift-international.com/de/e/Gabelstapler-gebraucht-Linde-H30D-01-3397670s?b=1,
Italien,https://www.forklift-international.com/de/e/Gabelstapler-gebraucht-Linde-H-30-D-3220492s?b=1,
Italien,https://www.forklift-international.com/de/e/Gabelstapler-gebraucht-Linde-H-30-D-3220497s?b=1,
Italien,https://www.forklift-international.com/de/e/Gabelstapler-gebraucht-Linde-H-30-D-3220721s?b=1,
Italien,https://www.forklift-international.com/de/e/Gabelstapler-gebraucht-Linde-H-30-D-3271126s?b=1,
Italien,https://www.forklift-international.com/de/e/Gabelstapler-gebraucht-Linde-H-30-D-3387705s?b=1,
Italien,https://www.forklift-international.com/de/e/Gabelstapler-gebraucht-Linde-H-30-D--3410934s?b=1,
Italien,https://www.forklift-international.com/de/e/Gabelstapler-gebraucht-Linde-H-30-D-3420419s?b=1,
Italien,https://www.forklift-international.com/de/e/Gabelstapler-gebraucht-Linde-H-30-D-3457662s?b=1,
Italien,https://www.forklift-international.com/de/e/Gabelstapler-gebraucht-Linde-H-30-D-393-%28FLOTTA-NOLO%29-3432235s?b=1,
Italien,https://www.forklift-international.com/de/e/Gabelstapler-gebraucht-Linde-H-30-D-01-3452768s?b=1,
Italien,https://www.forklift-international.com/de/e/Gabelstapler-gebraucht-Linde-H-30-D-01-esecuzione-container-3432234s?b=1,
Italien,https://www.forklift-international.com/de/e/Gabelstapler-gebraucht-Linde-H-30-D-01-393-3397124s?b=1,
Italien,https://www.forklift-international.com/de/e/Gabelstapler-gebraucht-Linde-H-30-D-01-393-%28FLOTTA-NOLO%29-3443289s?b=1,
Italien,https://www.forklift-international.com/de/e/Gabelstapler-gebraucht-Linde-H-30-D-03-351-3413460s?b=1,
Italien,https://www.forklift-international.com/de/e/Gabelstapler-gebraucht-Linde-H-30-D-393-01-3246291s?b=1,
Italien,https://www.forklift-international.com/de/e/Gabelstapler-gebraucht-Linde-H-30-D-393-01-3413462s?b=1,
Italien,https://www.forklift-international.com/de/e/Gabelstapler-gebraucht-Linde-H-30-D-393-01-3422508s?b=1,
Italien,https://www.forklift-international.com/de/e/Gabelstapler-gebraucht-Linde-H30-2713731s?b=1,
Italien,https://www.forklift-international.com/de/e/Gabelstapler-gebraucht-Linde-H30-D-3456567s?b=1,
Italien,https://www.forklift-international.com/de/e/Gabelstapler-gebraucht-Linde-H30D-2898779s?b=1,
Italien,https://www.forklift-international.com/de/e/Gabelstapler-gebraucht-Linde-H30D-393-3394469s?b=1,
Niederlande,https://www.forklift-international.com/de/e/Gabelstapler-gebraucht-Linde-H-30-D-3440453s?b=1,
Niederlande,https://www.forklift-international.com/de/e/Gabelstapler-gebraucht-Linde-H-30-D-01-3396078s?b=1,
Niederlande,https://www.forklift-international.com/de/e/Gabelstapler-gebraucht-Linde-H30D-2730469s?b=1,
Niederlande,https://www.forklift-international.com/de/e/Gabelstapler-gebraucht-Linde-H30D-2730470s?b=1,
Niederlande,https://www.forklift-international.com/de/e/Gabelstapler-gebraucht-Linde-H30D-2766698s?b=1,
Niederlande,https://www.forklift-international.com/de/e/Gabelstapler-gebraucht-Linde-H30D-3403164s?b=1,
Niederlande,https://www.forklift-international.com/de/e/Gabelstapler-gebraucht-Linde-H30D-3434683s?b=1,
Niederlande,https://www.forklift-international.com/de/e/Gabelstapler-gebraucht-Linde-H30D-3434684s?b=1,
Niederlande,https://www.forklift-international.com/de/e/Gabelstapler-gebraucht-Linde-H30D-3439260s?b=1,
Niederlande,https://www.forklift-international.com/de/e/Gabelstapler-gebraucht-Linde-H30D-3449395s?b=1,
Niederlande,https://www.forklift-international.com/de/e/Gabelstapler-gebraucht-Linde-H30D-3453734s?b=1,
Niederlande,https://www.forklift-international.com/de/e/Gabelstapler-gebraucht-Linde-H30D-3456439s?b=1,
Niederlande,https://www.forklift-international.com/de/e/Gabelstapler-gebraucht-Linde-H30D-%28393%29-3431434s?b=1,
Niederlande,https://www.forklift-international.com/de/e/Gabelstapler-gebraucht-Linde-H30D-01-3441324s?b=1,
Niederlande,https://www.forklift-international.com/de/e/Gabelstapler-gebraucht-Linde-H30D-01-3425011s?b=1,
Niederlande,https://www.forklift-international.com/de/e/Gabelstapler-gebraucht-Linde-H30D-01-3427960s?b=1,
Niederlande,https://www.forklift-international.com/de/e/Gabelstapler-gebraucht-Linde-H30D-01-3443511s?b=1,
Niederlande,https://www.forklift-international.com/de/e/Gabelstapler-gebraucht-Linde-H30D-01-3449404s?b=1,
Niederlande,https://www.forklift-international.com/de/e/Gabelstapler-gebraucht-Linde-H30D-02-EVO-%28393%29-3390752s?b=1,
Niederlande,https://www.forklift-international.com/de/e/Gabelstapler-gebraucht-Linde-H30D-02-EVO-%28393%29-3452387s?b=1,
Polen,https://www.forklift-international.com/de/e/Gabelstapler-gebraucht-Linde-H-30-D--3408355s?b=1,
Polen,https://www.forklift-international.com/de/e/Gabelstapler-gebraucht-Linde-H-30-D-3431554s?b=1,
Polen,https://www.forklift-international.com/de/e/Gabelstapler-gebraucht-Linde-H30-D-3417211s?b=1,
Polen,https://www.forklift-international.com/de/e/Gabelstapler-gebraucht-Linde-H30-D-3449097s?b=1,
Polen,https://www.forklift-international.com/de/e/Gabelstapler-gebraucht-Linde-H30D-3023927s?b=1,
Polen,https://www.forklift-international.com/de/e/Gabelstapler-gebraucht-Linde-H30D-3163964s?b=1,
Polen,https://www.forklift-international.com/de/e/Gabelstapler-gebraucht-Linde-H30D-3174090s?b=1,
Polen,https://www.forklift-international.com/de/e/Gabelstapler-gebraucht-Linde-H30D-3176320s?b=1,
Polen,https://www.forklift-international.com/de/e/Gabelstapler-gebraucht-Linde-H30D-3197700s?b=1,
Polen,https://www.forklift-international.com/de/e/Gabelstapler-gebraucht-Linde-H30D-3401270s?b=1,
Polen,https://www.forklift-international.com/de/e/Gabelstapler-gebraucht-Linde-H30D-3401272s?b=1,
Polen,https://www.forklift-international.com/de/e/Gabelstapler-gebraucht-Linde-H30D-3417205s?b=1,
Polen,https://www.forklift-international.com/de/e/Gabelstapler-gebraucht-Linde-H30D-393-2928800s?b=1,
Polen,https://www.forklift-international.com/de/e/Gabelstapler-gebraucht-Linde-H30D-Side-shift-3270685s?b=1,
Polen,https://www.forklift-international.com/de/e/Gabelstapler-gebraucht-Linde-H30D-01-3439924s?b=1,
Polen,https://www.forklift-international.com/de/e/Gabelstapler-gebraucht-Linde-H30D-01-3440039s?b=1,
Polen,https://www.forklift-international.com/de/e/Gabelstapler-gebraucht-Linde-H30D-01-Duplex-Side-Shift-3394465s?b=1,
Polen,https://www.forklift-international.com/de/e/Gabelstapler-gebraucht-Linde-H30D-02-3434647s?b=1,
Polen,https://www.forklift-international.com/de/e/Gabelstapler-gebraucht-Linde-H30D-02-3453421s?b=1,
Polen,https://www.forklift-international.com/de/e/Gabelstapler-gebraucht-Linde-H30D-02-%28EVO%29-3416465s?b=1,
Polen,https://www.forklift-international.com/de/e/Gabelstapler-gebraucht-Linde-H30D-02-393-3390401s?b=1,
Schweiz,https://www.forklift-international.com/de/e/Gabelstapler-gebraucht-Linde-H-30-02-3419873s?b=1,
Schweiz,https://www.forklift-international.com/de/e/Gabelstapler-gebraucht-Linde-H-30-D-3419842s?b=1,
Schweiz,https://www.forklift-international.com/de/e/Gabelstapler-gebraucht-Linde-H30D-3439725s?b=1,
Schweiz,https://www.forklift-international.com/de/e/Gabelstapler-gebraucht-Linde-H30D-3441116s?b=1,
Schweiz,https://www.forklift-international.com/de/e/Gabelstapler-gebraucht-Linde-H30D-3272558s?b=1,
Schweiz,https://www.forklift-international.com/de/e/Gabelstapler-gebraucht-Linde-H30D-3404923s?b=1,
Schweiz,https://www.forklift-international.com/de/e/Gabelstapler-gebraucht-Linde-H30D-2977312s?b=1,
Schweiz,https://www.forklift-international.com/de/e/Gabelstapler-gebraucht-Linde-H30D-02-3439724s?b=1,
Slowenien,https://www.forklift-international.com/de/e/Gabelstapler-gebraucht-Linde-H30D-393-3396778s?b=1,
Spanien,https://www.forklift-international.com/de/e/Gabelstapler-gebraucht-Linde-H30D-3429630s?b=1,
Spanien,https://www.forklift-international.com/de/e/Gabelstapler-gebraucht-Linde-H30D-3429641s?b=1,
Tschechien,https://www.forklift-international.com/de/e/Gabelstapler-gebraucht-Linde-H-30-D-22631--3455474s?b=1,
Tschechien,https://www.forklift-international.com/de/e/Gabelstapler-gebraucht-Linde-H-30-D-22957--3459628s?b=1,
Tschechien,https://www.forklift-international.com/de/e/Gabelstapler-gebraucht-Linde-H-30-D-23070--3455465s?b=1,
Tschechien,https://www.forklift-international.com/de/e/Gabelstapler-gebraucht-Linde-H-30-D-23173--3454047s?b=1,
Tschechien,https://www.forklift-international.com/de/e/Gabelstapler-gebraucht-Linde-H30D-3204989s?b=1,
